Conative,User,Mentions
"('according', 'court')",valentinirodrigo," 'canalhipocritas2.0', 'paulosouza.oficial' "
"('court', 'statement')",valentinirodrigo," 'canalhipocritas2.0', 'marinhaoficial' "
"('statement', 'issued')",geovaniandradeee," 'cbstv', 'nbcnews' "
"('issued', 'thursday')",geovaniandradeee," 'cbsnews', 'cbstv' "
"('thursday', 'brazils')",geovaniandradeee," 'abc7ny', 'cbsnews' "
"('brazils', 'supreme')",geovaniandradeee," 'abc7ny', 'foxtv' "
"('supreme', 'court')",geovaniandradeee," 'foxtv', 'nytimes' "
"('court', 'expected')",geovaniandradeee," 'bbclondon', 'nytimes' "
"('expected', 'demand')",conservadora.direita.br," 'conservadora.direita.br,', 'jairmessiasbolsonaro' "
"('demand', 'government')",conservadora.direita.br," 'flaviobolsonaro', 'jairmessiasbolsonaro' "
"('government', 'revive')",conservadora.direita.br," 'bolsonarosp', 'flaviobolsonaro' "
"('revive', 'billiondollar')",conservadora.direita.br," 'bolsonarosp', 'michellebolsonaro' "
"('billiondollar', 'international')",conservadora.direita.br," 'carlosbolsonaro', 'michellebolsonaro' "
"('international', 'fund')",conservadora.direita.br," 'biakicis', 'carlosbolsonaro' "
"('fund', 'aimed')",conservadora.direita.br," 'conservadoradireitabr', 'jairmessiasbolsonaro' "
"('aimed', 'conserving')",conservadora.direita.br," 'flaviobolsonaro', 'jairmessiasbolsonaro' "
"('conserving', 'amazon')",conservadora.direita.br," 'bolsonarosp', 'flaviobolsonaro' "
"('amazon', 'rainforest')",conservadora.direita.br," 'bolsonarosp', 'michellebolsonaro' "
"('rainforest', 'country')",conservadora.direita.br," 'carlosbolsonaro', 'michellebolsonaro' "
"('country', 'faces')",conservadora.direita.br," 'biakicis', 'carlosbolsonaro' "
"('faces', 'rampant')",antoniopereirajr.adv," 'anapaulavolei', 'silviawaiapi' "
"('rampant', 'deforestation')",antoniopereirajr.adv," 'anapaulavolei', 'cristinagraeml' "
"('deforestation', 'majority')",antoniopereirajr.adv," 'augustonunesbrasil', 'cristinagraeml' "
"('majority', 'supreme')",conservadora.direita.br," 'conservadoradireitabr', 'jairmessiasbolsonaro' "
"('supreme', 'courts')",conservadora.direita.br," 'flaviobolsonaro', 'jairmessiasbolsonaro' "
"('courts', 'judges')",conservadora.direita.br," 'bolsonarosp', 'flaviobolsonaro' "
"('judges', 'ruled')",conservadora.direita.br," 'bolsonarosp', 'michellebolsonaro' "
"('ruled', 'government')",conservadora.direita.br," 'carlosbolsonaro', 'michellebolsonaro' "
"('government', 'must')",conservadora.direita.br," 'biakicis', 'carlosbolsonaro' "
"('must', 'revive')",regisviana2022," 'jairmessiasbolsonaro', 'luvadepedreiro' "
"('revive', 'amazon')",regisviana2022," 'lulaoficial', 'luvadepedreiro' "
"('amazon', 'fund')",regisviana2022," 'congressoemfoco', 'lulaoficial' "
"('fund', 'halted')",regisviana2022," 'beirarioconfortooficial', 'congressoemfoco' "
"('halted', 'president')",conservadora.direita.br," 'conservadoradireitabr', 'jairmessiasbolsonaro' "
"('president', 'jair')",conservadora.direita.br," 'flaviobolsonaro', 'jairmessiasbolsonaro' "
"('jair', 'bolsonaros')",conservadora.direita.br," 'bolsonarosp', 'flaviobolsonaro' "
"('bolsonaros', 'administration')",conservadora.direita.br," 'bolsonarosp', 'michellebolsonaro' "
"('administration', 'chose')",conservadora.direita.br," 'carlosbolsonaro', 'michellebolsonaro' "
"('chose', 'reform')",conservadora.direita.br," 'biakicis', 'carlosbolsonaro' "
"('reform', 'governance')",silviolimaj," 'allandossantos17', 'allansantosvoltou' "
"('governance', 'structure')",silviolimaj," 'allandossantos17', 'iamkarinamichelin' "
"('get', 'punished')",silviolimaj," 'gayscombolsonaro', 'iamkarinamichelin' "
"('punished', 'ass')",conservadora.direita.br," 'conservadoradireitabr', 'jairmessiasbolsonaro' "
"('northeastern', 'vote')",conservadora.direita.br," 'flaviobolsonaro', 'jairmessiasbolsonaro' "
"('vote', 'exconvict')",conservadora.direita.br," 'bolsonarosp', 'flaviobolsonaro' "
"('exconvict', 'giantheroic')",conservadora.direita.br," 'bolsonarosp', 'michellebolsonaro' "
"('giantheroic', 'conservative')",conservadora.direita.br," 'carlosbolsonaro', 'michellebolsonaro' "
"('accepts', 'evil')",conservadora.direita.br," 'biakicis', 'carlosbolsonaro' "
"('evil', 'without')",conservadora.direita.br," 'conservadoradireitabr', 'jairmessiasbolsonaro' "
"('without', 'protesting')",conservadora.direita.br," 'flaviobolsonaro', 'jairmessiasbolsonaro' "
"('protesting', 'cooperates')",conservadora.direita.br," 'bolsonarosp', 'flaviobolsonaro' "
"('cooperates', 'create')",conservadora.direita.br," 'bolsonarosp', 'michellebolsonaro' "
"('create', 'enemies')",conservadora.direita.br," 'carlosbolsonaro', 'michellebolsonaro' "
"('enemies', 'necessary')",conservadora.direita.br," 'biakicis', 'carlosbolsonaro' "
"('necessary', 'declare')",conservadora.direita.br," 'conservadoradireitabr', 'jairmessiasbolsonaro' "
"('declare', 'war')",conservadora.direita.br," 'flaviobolsonaro', 'jairmessiasbolsonaro' "
"('war', 'say')",conservadora.direita.br," 'bolsonarosp', 'flaviobolsonaro' "
"('say', 'think')",conservadora.direita.br," 'bolsonarosp', 'michellebolsonaro' "
"('think', 'pastor')",conservadora.direita.br," 'carlosbolsonaro', 'michellebolsonaro' "
"('pastor', 'martim')",conservadora.direita.br," 'biakicis', 'carlosbolsonaro' "
"('martim', 'luther')",carolinaspierchocolatier," 'carlacecato', 'carolvereadora' "
"('luther', 'king')",carolinaspierchocolatier," 'carolvereadora', 'spierofficial' "
"('king', 'junior')",carolinaspierchocolatier," 'spierchocolates', 'spierofficial' "
"('junior', 'hotgraphy')",carolinaspierchocolatier," 'marco.antonio.costa', 'spierchocolates' "
"('accept', 'become')",carolinaspierchocolatier," 'marco.antonio.costa', 'zoebmartinez' "
"('become', 'venezuela')",carolinaspierchocolatier," 'jairmessiasbolsonaro', 'zoebmartinez' "
"('venezuela', 'want')",carolinaspierchocolatier," 'jairmessiasbolsonaro', 'michellebolsonaro' "
"('want', 'federal')",iracema_mondim," 'jairmessiasbolsonaro', 'michellebolsonaro' "
"('federal', 'intervention')",conservadora.direita.br," 'conservadoradireitabr', 'jairmessiasbolsonaro' "
"('intervention', 'lula')",conservadora.direita.br," 'flaviobolsonaro', 'jairmessiasbolsonaro' "
"('lula', 'army')",conservadora.direita.br," 'bolsonarosp', 'flaviobolsonaro' "
"('army', 'pay')",conservadora.direita.br," 'bolsonarosp', 'michellebolsonaro' "
"('pay', 'protest')",conservadora.direita.br," 'carlosbolsonaro', 'michellebolsonaro' "
"('via', 'marxism')",conservadora.direita.br," 'biakicis', 'carlosbolsonaro' "
"('marxism', 'depression')",conservadora.direita.br," 'conservadoradireitabr', 'jairmessiasbolsonaro' "
"('via', 'marxism')",conservadora.direita.br," 'flaviobolsonaro', 'jairmessiasbolsonaro' "
"('marxism', 'depression')",conservadora.direita.br," 'bolsonarosp', 'flaviobolsonaro' "
"('super', 'oficial')",conservadora.direita.br," 'bolsonarosp', 'michellebolsonaro' "
"('oficial', 'supporting')",conservadora.direita.br," 'carlosbolsonaro', 'michellebolsonaro' "
"('supporting', 'civil')",conservadora.direita.br," 'biakicis', 'carlosbolsonaro' "
"('civil', 'resistance')",canal_censura," 'Carlazambelli', 'realpfigueiredo' "
"('resistance', 'front')",conservadora.direita.br," 'conservadoradireitabr', 'jairmessiasbolsonaro' "
"('front', 'itaja')",conservadora.direita.br," 'flaviobolsonaro', 'jairmessiasbolsonaro' "
"('lets', 'go')",conservadora.direita.br," 'bolsonarosp', 'flaviobolsonaro' "
"('go', 'street')",conservadora.direita.br," 'bolsonarosp', 'michellebolsonaro' "
"('street', 'lula')",conservadora.direita.br," 'carlosbolsonaro', 'michellebolsonaro' "
"('teach', 'child')",conservadora.direita.br," 'biakicis', 'carlosbolsonaro' "
"('child', 'accept')",apriorilifestyle," 'exercito_oficial', 'jornalbsm' "
"('accept', 'defeatbut')",apriorilifestyle," 'exercito_oficial', 'jornalbsm' "
"('war', 'shots')",apriorilifestyle," 'exercito_oficial', 'terrabrasilnoticias' "
"('shots', 'fifth')",veritasleonis," 'let.repost', 'nelsonbarbudo' "
"('fifth', 'day')",veritasleonis," 'let.repost', 'mariacaridad.graulopez' "
"('day', 'home')",veritasleonis," 'bolsomoto', 'let.repost' "
"('h', 'concentrate')",paulla_sillvaa," 'cbstv', 'nbcnews' "
"('concentrate', 'h')",paulla_sillvaa," 'cbsnews', 'cbstv' "
"('h', 'h')",paulla_sillvaa," 'abc7ny', 'cbsnews' "
"('h', 'saturday')",paulla_sillvaa," 'abc7ny', 'foxtv' "
"('saturday', 'day')",paulla_sillvaa," 'foxtv', 'nytimes' "
"('day', 'concentrate')",paulla_sillvaa," 'bbclondon', 'nytimes' "
"('concentrate', 'h')",alanbetelli," 'cnnbrasil', 'exercito_oficial' "
"('h', 'h')",alanbetelli," 'exercito_oficial', 'forcaaerea_repost' "
"('h', 'sunday')",alanbetelli," 'forcaaerea_repost', 'marinhaoficial' "
"('sunday', 'day')",alanbetelli," 'cnn', 'marinhaoficial' "
"('day', 'concentrate')",alanbetelli," 'abcnews', 'cnn' "
"('concentrate', 'h')",alanbetelli," 'abcnews', 'bbcbrasil' "
"('h', 'monday')",alanbetelli," 'bbcbrasil', 'bbcnews' "
"('monday', 'home')",haras.betelli," 'cnnbrasil', 'exercito_oficial' "
"('home', 'h')",haras.betelli," 'exercito_oficial', 'forcaaerea_repost' "
"('h', 'concentrate')",haras.betelli," 'forcaaerea_repost', 'marinhaoficial' "
"('concentrate', 'h')",haras.betelli," 'cnn', 'marinhaoficial' "
"('h', 'h')",haras.betelli," 'abcnews', 'cnn' "
"('h', 'military')",haras.betelli," 'abcnews', 'bbcbrasil' "
"('military', 'assume')",haras.betelli," 'bbcbrasil', 'bbcmundo' "
"('assume', 'note')",alanbetelli," 'cnnbrasil', 'exercito_oficial' "
"('note', 'take')",alanbetelli," 'exercito_oficial', 'forcaaerea_repost' "
"('take', 'tents')",alanbetelli," 'forcaaerea_repost', 'marinhaoficial' "
"('tents', 'water')",alanbetelli," 'cnn', 'marinhaoficial' "
"('water', 'food')",alanbetelli," 'abcnews', 'cnn' "
"('sos', 'armed')",alanbetelli," 'abcnews', 'bbcbrasil' "
"('armed', 'forces')",alanbetelli," 'bbcbrasil', 'bbcnews' "
"('forces', 'save')",gecasarottopaier," 'exercito_oficial', 'jairmessiasbolsonaro' "
"('save', 'brazilian')",gecasarottopaier," 'jairmessiasbolsonaro', 'nytimes' "
"('brazilian', 'nation')",gecasarottopaier," 'nytimes', 'washingtonpost' "
"('follow', 'direitabr')",gecasarottopaier," 'thetimes', 'washingtonpost' "
"('direitabr', 'need')",gecasarottopaier," 'guardian', 'thetimes' "
"('need', 'support')",gecasarottopaier," 'el_pais', 'guardian' "
"('support', 'mission')",gecasarottopaier," 'el_pais', 'lemondefr' "
"('mission', 'improve')",gecasarottopaier," 'exercito_oficial', 'jairmessiasbolsonaro' "
"('improve', 'brazil')",gecasarottopaier," 'jairmessiasbolsonaro', 'nytimes' "
"('brazil', 'kindings')",gecasarottopaier," 'nytimes', 'washingtonpost' "
"('kindings', 'way')",gecasarottopaier," 'thetimes', 'washingtonpost' "
"('way', 'work')",gecasarottopaier," 'guardian', 'thetimes' "
"('work', 'dedication')",gecasarottopaier," 'el_pais', 'guardian' "
"('dedication', 'time')",gecasarottopaier," 'el_pais', 'lemondefr' "
"('time', 'take')",gecasarottopaier," 'lemondefr', 'rede.globo.tv' "
"('take', 'dear')",conservadora.direita.br," 'exercito_oficial', 'ritabrito46' "
"('dear', 'followers')",jofariasqueiroz," 'rede.globo.tv', 'sbtnews' "
"('followers', 'taking')",jofariasqueiroz," 'globonews', 'sbtnews' "
"('taking', 'warm')",jofariasqueiroz," 'bandjornalismo', 'globonews' "
"('warm', 'updated')",jofariasqueiroz," 'bandjornalismo', 'jovempannews' "
"('updated', 'information')",ninjapatriota," 'cbstv', 'nbcnews' "
"('information', 'brazil')",ninjapatriota," 'cbsnews', 'cbstv' "
"('brazil', 'god')",ninjapatriota," 'abc7ny', 'cbsnews' "
"('god', 'ervida')",ninjapatriota," 'abc7ny', 'foxtv' "
"('ballot', 'boxes')",ninjapatriota," 'foxtv', 'nytimes' "
"('boxes', 'votes')",ninjapatriota," 'bbclondon', 'nytimes' "
"('votes', 'lula')",transformesua.mente," 'exercito_oficial', 'stjnoticias' "
"('lula', 'stories')",preusspatriciavivian," 'cristaoscombrasil', 'nd1d0.' "
"('stories', 'spreadsheet')",christiano_pires_de_campos," 'cbstv', 'nbcnews' "
"('spreadsheet', 'link')",christiano_pires_de_campos," 'abc7ny', 'cbstv' "
"('link', 'mark')",christiano_pires_de_campos," 'abc7ny', 'abcnews' "
"('mark', 'friends')",christiano_pires_de_campos," 'abcnews', 'foxtv' "
"('friends', 'siga')",christiano_pires_de_campos," 'foxnews', 'foxtv' "
"('siga', 'street')",christiano_pires_de_campos," 'foxnews', 'nytimes' "
"('street', 'want')",christiano_pires_de_campos," 'bbclondon', 'nytimes' "
"('bring', 'truths')",christiano_pires_de_campos," 'bbclondon', 'euronews' "
"('truths', 'brazil')",christiano_pires_de_campos," 'euronews', 'mindefesa' "
"('brazil', 'god')",christiano_pires_de_campos," 'exercito_oficial', 'mindefesa' "
"('god', 'share')",christiano_pires_de_campos," 'exercito_oficial', 'fab_oficial' "
"('share', 'mark')",lincoln.matholli," 'monicacarvalhooficial', 'myllachristieui' "
"('mark', 'friends')",lincoln.matholli," 'luizatomeofic', 'monicacarvalhooficial' "
"('friends', 'instagram')",lincoln.matholli," 'luizatomeofic', 'reginaduarte' "
"('instagram', 'facebook')",lincoln.matholli," 'kiscassia', 'reginaduarte' "
"('facebook', 'show')",lincoln.matholli," 'bellafalconi', 'kiscassia' "
"('show', 'posts')",lincoln.matholli," 'bellafalconi', 'karinabacchi' "
"('posts', 'story')",lincoln.matholli," 'karinabacchi', 'victorscenes' "
"('story', 'people')",lincoln.matholli," 'eumalvinosalvador', 'victorscenes' "
"('people', 'like')",well.cruz.nery22," 'cnnportugal', 'nbcnews' "
"('like', 'follow')",analucia.bbrandao," 'exercito_oficial', 'oficialluizlima' "
"('follow', 'follow')",gecasarottopaier," 'exercito_oficial', 'jairmessiasbolsonaro' "
"('follow', 'follow')",gecasarottopaier," 'flaviobolsonaro', 'jairmessiasbolsonaro' "
"('follow', 'ervida')",gecasarottopaier," 'flaviobolsonaro', 'nytimes' "
"('share', 'manausam')",gecasarottopaier," 'nytimes', 'washingtonpost' "
"('manausam', 'luladro')",gecasarottopaier," 'thetimes', 'washingtonpost' "
"('lets', 'go')",gecasarottopaier," 'guardian', 'thetimes' "
"('go', 'people')",gecasarottopaier," 'el_pais', 'guardian' "
"('people', 'lets')",gecasarottopaier," 'el_pais', 'lemondefr' "
"('lets', 'fight')",lilianersouza," 'cbstv', 'nbcnews' "
"('fight', 'fraud')",lilianersouza," 'cbsnews', 'cbstv' "
"('fraud', 'elections')",lilianersouza," 'abc7ny', 'cbsnews' "
"('elections', 'say')",lilianersouza," 'abc7ny', 'fox.tvlatin' "
"('say', 'corrupt')",lilianersouza," 'fox.tvlatin', 'nytimes' "
"('corrupt', 'system')",lilianersouza," 'bbclondon', 'nytimes' "
"('system', 'fraud')",direitacrz," '5bil_exercito', 'exercito_oficial' "
"('fraud', 'yes')",dra.jeniffer.neitzel," 'exercito_oficial', 'jairmessiasbolsonaro' "
"('yes', 'wake')",dra.jeniffer.neitzel," 'bolsonarosp', 'exercito_oficial' "
"('wake', 'brazil')",dra.jeniffer.neitzel," 'bolsonarosp', 'michellebolsonaro' "
"('brazil', 'ebrasil')",brasilnaveia_," 'jairmessiasbolsonaro', 'michellebolsonaro' "
"('ebrasil', 'fotheusofogealuta')",pessoasrelevantess," '44usimports', 'ronaldo.girao' "
"('civil', 'resistance')",pessoasrelevantess," '44usimports', 'naturalpresente' "
"('resistance', 'baby')",fisioterapeutafernandasouza," 'anafonseca02', 'susanamariasil' "
"('baby', 'lamers')",fisioterapeutafernandasouza," 'celabezerra', 'susanamariasil' "
"('lamers', 'elections')",peecombolsonaro," 'jairmessiasbolsonaro', 'peecombolsonaro' "
"('elections', 'elections')",paulo.cesarcarvalho," 'carla.zambelli', 'jairmessiasbolsonaro' "
"('civil', 'resistance')",paulo.cesarcarvalho," 'bolsonarosp', 'jairmessiasbolsonaro' "
"('resistance', 'baby')",paulo.cesarcarvalho," 'bolsonarosp', 'carteiroreaca' "
"('baby', 'lamers')",paulo.cesarcarvalho," 'capitaoderrite', 'carteiroreaca' "
"('lamers', 'elections')",paulo.cesarcarvalho," 'capitaoderrite', 'novadireitasp' "
"('elections', 'elections')",paulo.cesarcarvalho," 'mulherescombolsonaro', 'novadireitasp' "
"('civil', 'resistance')",paulo.cesarcarvalho," 'carla.zambelli', 'jairmessiasbolsonaro' "
"('resistance', 'baby')",paulo.cesarcarvalho," 'bolsonarosp', 'jairmessiasbolsonaro' "
"('baby', 'lamers')",paulo.cesarcarvalho," 'bolsonarosp', 'carteiroreaca' "
"('lamers', 'elections')",paulo.cesarcarvalho," 'capitaoderrite', 'carteiroreaca' "
"('elections', 'elections')",paulo.cesarcarvalho," 'capitaoderrite', 'novadireitasp' "
"('intervention', 'lula')",paulo.cesarcarvalho," 'mulherescombolsonaro', 'novadireitasp' "
"('seeing', 'goes')",paulo.cesarcarvalho," 'carla.zambelli', 'jairmessiasbolsonaro' "
"('goes', 'right')",paulo.cesarcarvalho," 'bolsonarosp', 'jairmessiasbolsonaro' "
"('right', 'constitution')",paulo.cesarcarvalho," 'bolsonarosp', 'carteiroreaca' "
"('constitution', 'guarantees')",paulo.cesarcarvalho," 'capitaoderrite', 'carteiroreaca' "
"('guarantees', 'right')",paulo.cesarcarvalho," 'capitaoderrite', 'novadireitasp' "
"('right', 'manifestation')",paulo.cesarcarvalho," 'mulherescombolsonaro', 'novadireitasp' "
"('civil', 'resistance')",paulo.cesarcarvalho," 'carla.zambelli', 'jairmessiasbolsonaro' "
"('resistance', 'baby')",paulo.cesarcarvalho," 'bolsonarosp', 'jairmessiasbolsonaro' "
"('baby', 'lamers')",paulo.cesarcarvalho," 'bolsonarosp', 'carteiroreaca' "
"('lamers', 'elections')",paulo.cesarcarvalho," 'capitaoderrite', 'carteiroreaca' "
"('elections', 'elections')",paulo.cesarcarvalho," 'capitaoderrite', 'novadireitasp' "
"('lets', 'go')",paulo.cesarcarvalho," 'mulherescombolsonaro', 'novadireitasp' "
"('go', 'lets')",paulo.cesarcarvalho," 'carla.zambelli', 'jairmessiasbolsonaro' "
"('lets', 'fight')",paulo.cesarcarvalho," 'bolsonarosp', 'jairmessiasbolsonaro' "
"('fight', 'fraud')",paulo.cesarcarvalho," 'bolsonarosp', 'carteiroreaca' "
"('fraud', 'elections')",paulo.cesarcarvalho," 'capitaoderrite', 'carteiroreaca' "
"('elections', 'say')",paulo.cesarcarvalho," 'capitaoderrite', 'novadireitasp' "
"('say', 'corrupt')",paulo.cesarcarvalho," 'mulherescombolsonaro', 'novadireitasp' "
"('corrupt', 'system')",sou_direita_taboao," 'carla.zambelli', 'jairmessiasbolsonaro' "
"('system', 'fraud')",sou_direita_taboao," 'bolsonarosp', 'jairmessiasbolsonaro' "
"('fraud', 'yes')",sou_direita_taboao," 'bolsonarosp', 'carteiroreaca' "
"('yes', 'wake')",sou_direita_taboao," 'capitaoderrite', 'carteiroreaca' "
"('wake', 'brazil')",sou_direita_taboao," 'capitaoderrite', 'novadireitasp' "
"('brazil', 'ebrasil')",sou_direita_taboao," 'mulherescombolsonaro', 'novadireitasp' "
"('ebrasil', 'fotheusofogealuta')",sou_direita_taboao," 'carla.zambelli', 'jairmessiasbolsonaro' "
"('civil', 'resistance')",sou_direita_taboao," 'bolsonarosp', 'jairmessiasbolsonaro' "
"('resistance', 'baby')",sou_direita_taboao," 'bolsonarosp', 'carteiroreaca' "
"('baby', 'lamers')",sou_direita_taboao," 'capitaoderrite', 'carteiroreaca' "
"('lamers', 'elections')",sou_direita_taboao," 'capitaoderrite', 'novadireitasp' "
"('elections', 'elections')",sou_direita_taboao," 'mulherescombolsonaro', 'novadireitasp' "
"('want', 'intervention')",direitacampinagrande2022," 'campinagrandecombolsonaro', 'o' "
"('intervention', 'beat')",gislaineorsi," 'day_brunno', 'orsi5671' "
"('beat', 'thief')",helohgl16," 'use.repost', 'vonnserran_oficial' "
"('l', 'dollar')",daniel.ms2," '.', 'ndid' "
"('dollar', 'opened')",daniel.ms2," '.', 's' "
"('opened', 'monday')",sou_direita_taboao," 'carla.zambelli', 'jairmessiasbolsonaro' "
"('monday', 'negotiated')",sou_direita_taboao," 'bolsonarosp', 'jairmessiasbolsonaro' "
"('negotiated', 'largest')",sou_direita_taboao," 'bolsonarosp', 'carteiroreaca' "
"('largest', 'level')",sou_direita_taboao," 'capitaoderrite', 'carteiroreaca' "
"('level', 'since')",sou_direita_taboao," 'capitaoderrite', 'novadireitasp' "
"('since', 'end')",sou_direita_taboao," 'mulherescombolsonaro', 'novadireitasp' "
"('end', 'september')",eu.alicebenchimol," 'flaviobolsonaro', 'jairmessiasbolsonaro' "
"('september', 'movement')",eu.alicebenchimol," 'bolsonarosp', 'flaviobolsonaro' "
"('movement', 'background')",eu.alicebenchimol," 'bolsonarosp', 'carlosbolsonaro' "
"('background', 'victory')",eu.alicebenchimol," 'carla.zambelli', 'carlosbolsonaro' "
"('victory', 'former')",eu.alicebenchimol," 'carla.zambelli', 'nikolasferreirabr' "
"('former', 'president')",eu.alicebenchimol," 'flaviobolsonaro', 'jairmessiasbolsonaro' "
"('president', 'luiz')",eu.alicebenchimol," 'bolsonarosp', 'flaviobolsonaro' "
"('luiz', 'inacio')",eu.alicebenchimol," 'bolsonarosp', 'carlosbolsonaro' "
"('inacio', 'lula')",eu.alicebenchimol," 'carla.zambelli', 'carlosbolsonaro' "
"('lula', 'silva')",eu.alicebenchimol," 'carla.zambelli', 'nikolasferreirabr' "
"('silva', 'pt')",automotivenewsbrazil," 'exercito_oficial', 'marinhaoficial' "
"('pt', 'dispute')",automotivenewsbrazil," 'fab_oficial', 'marinhaoficial' "
"('dispute', 'planaltonumbers')",renatoluizzimm," 'jessicachristinaaf', 'let.repost' "
"('planaltonumbers', 'show')",renatoluizzimm," 'jairmessiasbolsonaro,', 'let.repost' "
"('show', 'negative')",williamsantos1000," 'jairmessiasbolsonaro', 'nikolasferreiradmm' "
"('negative', 'initial')",williamsantos1000," 'bolsonarosp', 'jairmessiasbolsonaro' "
"('initial', 'market')",grazianoandrade," 'exercito_oficial', 'nbcnews' "
"('market', 'reaction')",grazianoandrade," 'cbstv', 'nbcnews' "
"('reaction', 'victory')",grazianoandrade," 'cbsnews', 'cbstv' "
"('victory', 'leftist')",grazianoandrade," 'abc7ny', 'cbsnews' "
"('leftist', 'politician')",grazianoandrade," 'abc7ny', 'foxtv' "
"('politician', 'opening')",grazianoandrade," 'foxtv', 'nytimes' "
"('opening', 'shot')",grazianoandrade," 'bbclondon', 'nytimes' "
"('shot', 'currency')",waltermelechcocarvalho," 'cbstv', 'nbcnews' "
"('currency', 'lost')",waltermelechcocarvalho," 'cbsnews', 'cbstv' "
"('lost', 'strength')",waltermelechcocarvalho," 'abc7ny', 'cbsnews' "
"('strength', 'circulates')",waltermelechcocarvalho," 'abc7ny', 'foxtv' "
"('circulates', 'average')",waltermelechcocarvalho," 'foxtv', 'nytimes' "
"('average', 'emerging')",waltermelechcocarvalho," 'bbclondon', 'nytimes' "
"('emerging', 'coins')",desejos_de_um_autor," 'braganetto_gen', 'genheleno' "
"('coins', 'indian')",desejos_de_um_autor," 'generalmourao', 'genheleno' "
"('indian', 'role')",desejos_de_um_autor," 'exercito_oficial', 'generalmourao' "
"('role', 'south')",waltermelechcocarvalho," 'cbstv', 'nbcnews' "
"('south', 'african')",waltermelechcocarvalho," 'cbsnews', 'cbstv' "
"('african', 'rand')",waltermelechcocarvalho," 'abc7ny', 'cbsnews' "
"('rand', 'regarded')",waltermelechcocarvalho," 'abc7ny', 'foxtv' "
"('regarded', 'pairs')",waltermelechcocarvalho," 'foxtv', 'nytimes' "
"('pairs', 'real')",waltermelechcocarvalho," 'bbclondon', 'nytimes' "
"('real', 'even')",waltermelechcocarvalho," 'cbstv', 'nbcnews' "
"('even', 'devalue')",waltermelechcocarvalho," 'cbsnews', 'cbstv' "
"('devalue', 'similarity')",waltermelechcocarvalho," 'abc7ny', 'cbsnews' "
"('similarity', 'brazilian')",waltermelechcocarvalho," 'abc7ny', 'foxtv' "
"('brazilian', 'currency')",waltermelechcocarvalho," 'foxtv', 'nytimes' "
"('currency', 'result')",waltermelechcocarvalho," 'bbclondon', 'nytimes' "
"('elections', 'investors')",jhonmendes95," 'guardian', 'nytimes' "
"('investors', 'awaiting')",jhonmendes95," 'bbc', 'guardian' "
"('awaiting', 'details')",jhonmendes95," 'bbc', 'bbcbrasil' "
"('details', 'new')",jhonmendes95," 'bbcbrasil', 'cnn' "
"('new', 'governments')",jhonmendes95," 'cnn', 'cnnbrasil' "
"('governments', 'economic')",jhonmendes95," 'cnnbrasil', 'neymarjr' "
"('economic', 'policy')",rollersans," 'exercito_oficial', 'ude!' "
"('former', 'convict')",agnaldo_manardo," 'braganetto_gen', 'jairmessiasbolsonaro' "
"('convict', 'innocentits')",agnaldo_manardo," 'braganetto_gen', 'genheleno' "
"('innocentits', 'corrupt')",agnaldo_manardo," 'generalpazuello.oficial', 'genheleno' "
"('corrupt', 'yes')",agnaldo_manardo," 'generalmourao', 'generalpazuello.oficial' "
"('yes', 'forces')",dashirubabosatsusensei," 'direitabrasiil', 'jairmessiasbolsonaro' "
"('forces', 'intervention')",dashirubabosatsusensei," 'direitabrasiil', 'exercito_oficial' "
"('intervention', 'lula')",dratatianapprevidelli," 'cbcnews', 'exercito_oficial' "
"('lula', 'expression')",dratatianapprevidelli," 'cbcnews', 'cbstv' "
"('lets', 'go')",dratatianapprevidelli," 'cbstv', 'foxnews' "
"('go', 'people')",dratatianapprevidelli," 'foxnews', 'marinhaoficial' "
"('people', 'lets')",eu.leanegriehl," 'nbcnews', 'nortemilgraus' "
"('lets', 'fight')",eu.leanegriehl," 'cbsnews', 'nbcnews' "
"('fight', 'fraud')",eu.leanegriehl," 'cbsnews', 'cbstv' "
"('fraud', 'elections')",eu.leanegriehl," 'anc7ny', 'cbstv' "
"('elections', 'say')",eu.leanegriehl," 'anc7ny', 'foxtv' "
"('say', 'corrupt')",eu.leanegriehl," 'foxtv', 'nytimes' "
"('corrupt', 'system')",eu.leanegriehl," 'bbclondon', 'nytimes' "
"('system', 'fraud')",nil.silvaoficial," 'exercito_oficial', 'nbcnews' "
"('fraud', 'yes')",nil.silvaoficial," 'cbstv', 'nbcnews' "
"('yes', 'wake')",nil.silvaoficial," 'cbsnews', 'cbstv' "
"('wake', 'brazil')",nil.silvaoficial," 'abc7ny', 'cbsnews' "
"('brazil', 'ebrasil')",nil.silvaoficial," 'abc7ny', 'foxtv' "
"('ebrasil', 'fotheusofogealuta')",nil.silvaoficial," 'foxtv', 'nytimes' "
"('bora', 'brazil')",nil.silvaoficial," 'bbclondon', 'nytimes' "
"('brazil', 'lets')",fazueleai," 'Glaucio', 'glaucio_linhares_22' "
"('lets', 'make')",fazueleai," 'Glaucio', 'glaucio_linhares_22' "
"('make', 'manifestations')",fazueleai," 'Glaucio', 'glaucio_linhares_22' "
"('manifestations', 'giant')",fazueleai," 'Glaucio', 'glaucio_linhares_22' "
"('giant', 'brazil')",fazueleai," 'Glaucio', 'glaucio_linhares_22' "
"('brazil', 'intervention')",fazueleai," 'Glaucio', 'glaucio_linhares_22' "
"('intervention', 'redmilhad')",fazueleai," 'Glaucio', 'glaucio_linhares_22' "
"('former', 'convict')",fazueleai," 'Glaucio', 'glaucio_linhares_22' "
"('convict', 'innocentits')",fazueleai," 'Glaucio', 'glaucio_linhares_22' "
"('innocentits', 'corrupt')",fazueleai," 'Glaucio', 'glaucio_linhares_22' "
"('corrupt', 'yes')",fazueleai," 'Glaucio', 'glaucio_linhares_22' "
"('yes', 'forces')",fazueleai," 'Glaucio', 'glaucio_linhares_22' "
"('forces', 'intervention')",fazueleai," 'Glaucio', 'glaucio_linhares_22' "
"('intervention', 'lula')",fazueleai," 'Glaucio', 'glaucio_linhares_22' "
"('lula', 'expression')",fazueleai," 'Glaucio', 'glaucio_linhares_22' "
"('im', 'love')",fazueleai," 'Glaucio', 'glaucio_linhares_22' "
"('love', 'fashioni')",fazueleai," 'Glaucio', 'glaucio_linhares_22' "
"('fashioni', 'found')",fazueleai," 'Glaucio', 'glaucio_linhares_22' "
"('found', 'many')",fazueleai," 'Glaucio', 'glaucio_linhares_22' "
"('many', 'styles')",fazueleai," 'Glaucio', 'glaucio_linhares_22' "
"('styles', 'modelsi')",fazueleai," 'Glaucio', 'glaucio_linhares_22' "
"('modelsi', 'learning')",fazueleai," 'Glaucio', 'glaucio_linhares_22' "
"('learning', 'dress')",fazueleai," 'Glaucio', 'glaucio_linhares_22' "
"('dress', 'help')",fazueleai," 'Glaucio', 'glaucio_linhares_22' "
"('help', 'women')",fazueleai," 'Glaucio', 'glaucio_linhares_22' "
"('women', 'become')",fazueleai," 'Glaucio', 'glaucio_linhares_22' "
"('become', 'therapy')",fazueleai," 'Glaucio', 'glaucio_linhares_22' "
"('therapy', 'became')",fazueleai," 'Glaucio', 'glaucio_linhares_22' "
"('became', 'source')",fazueleai," 'Glaucio', 'glaucio_linhares_22' "
"('source', 'income')",fazueleai," 'Glaucio', 'glaucio_linhares_22' "
"('people', 'need')",fazueleai," 'Glaucio', 'glaucio_linhares_22' "
"('need', 'understand')",fazueleai," 'Glaucio', 'glaucio_linhares_22' "
"('understand', 'bolsonaro')",fazueleai," 'Glaucio', 'glaucio_linhares_22' "
"('bolsonaro', 'brazilfor')",fazueleai," 'Glaucio', 'glaucio_linhares_22' "
"('brazilfor', 'children')",fazueleai," 'Glaucio', 'glaucio_linhares_22' "
"('children', 'family')",fazueleai," 'Glaucio', 'glaucio_linhares_22' "
"('family', 'faith')",fazueleai," 'glaucio_linhares_22', 'jairmessiasbolsonaro' "
"('faith', 'principles')",fazueleai," 'Glaucio', 'glaucio_linhares_22' "
"('principles', 'life')",fazueleai," 'Glaucio', 'glaucio_linhares_22' "
"('lets', 'go')",fazueleai," 'Glaucio', 'glaucio_linhares_22' "
"('go', 'people')",ronyjfp," 'pablomarcal1', 'paulovcoach' "
"('people', 'lets')",ronyjfp," 'pablomarcal1', 'pepauloricardo' "
"('lets', 'fight')",ronyjfp," 'opropriofaka', 'pepauloricardo' "
"('fight', 'fraud')",ronyjfp," 'draarielledias', 'opropriofaka' "
"('fraud', 'elections')",ronyjfp," 'ExMSTponcio', 'draarielledias' "
"('elections', 'say')",ronyjfp," 'ExMSTponcio', 'kimpaim' "
"('say', 'corrupt')",ronyjfp," 'Rconstantino', 'kimpaim' "
"('corrupt', 'system')",ronyjfp," 'pablomarcal1', 'paulovcoach' "
"('system', 'fraud')",ronyjfp," 'pablomarcal1', 'pepauloricardo' "
"('fraud', 'yes')",ronyjfp," 'opropriofaka', 'pepauloricardo' "
"('yes', 'wake')",ronyjfp," 'draarielledias', 'opropriofaka' "
"('wake', 'brazil')",ronyjfp," 'ExMSTponcio', 'draarielledias' "
"('brazil', 'ebrasil')",ronyjfp," 'ExMSTponcio', 'kimpaim' "
"('ebrasil', 'fotheusofogealuta')",ronyjfp," 'Rconstantino', 'kimpaim' "
"('lets', 'go')",t.r.a.drone," '13brigada_exercito', 'm3_drone' "
"('go', 'people')",t.r.a.drone," 'm3_drone', 'mckdrone' "
"('people', 'lets')",t.r.a.drone," 'jairmessiasbolsonaro', 'mckdrone' "
"('lets', 'fight')",t.r.a.drone," 'jairmessiasbolsonaro', 'michellebolsonaro' "
"('fight', 'fraud')",t.r.a.drone," 'flaviobolsonaro', 'michellebolsonaro' "
"('fraud', 'elections')",t.r.a.drone," 'carlosbolsonaro', 'flaviobolsonaro' "
"('elections', 'say')",t.r.a.drone," 'bolsonarosp', 'carlosbolsonaro' "
"('say', 'corrupt')",t.r.a.drone," 'bolsonarosp', 'presidentebolsonaro_' "
"('corrupt', 'system')",t.r.a.drone," 'mt22bolsonaro', 'presidentebolsonaro_' "
"('system', 'fraud')",t.r.a.drone," 'mt22bolsonaro', 'nbcnews' "
"('fraud', 'yes')",t.r.a.drone," 'cbstv', 'nbcnews' "
"('yes', 'wake')",t.r.a.drone," 'cbsnews', 'cbstv' "
"('wake', 'brazil')",t.r.a.drone," 'abc7ny', 'cbsnews' "
"('brazil', 'ebrasil')",t.r.a.drone," 'abc7ny', 'foxtv' "
"('ebrasil', 'fotheusofogealuta')",t.r.a.drone," 'foxtv', 'nytimes' "
"('dominite', 'aagenda')",t.r.a.drone," 'bbclondon', 'nytimes' "
"('lets', 'go')",angelica.santos_s2," 's', 's,' "
"('go', 'people')",angelica.santos_s2," 'dores', 's' "
"('people', 'lets')",tatismoreira," 'profissaoreporter', 'revistaforum' "
"('lets', 'fight')",em_patriota_22," 'fernandaizabel17', 'nordestinas_dedireita' "
"('fight', 'fraud')",fabianacatanzaro," 'jornalistaslivres', 'let.repost' "
